"NewGenre","b_g"
"ActionComedyRomanceWestern",1.48774099999999
"AnimationComedyDramaFantasySci-Fi",1.23774099999999
"ActionCrimeFilm-Noir",0.987740999999992
"ComedyFantasyMusicalRomance",0.987740999999992
"CrimeFilm-NoirRomance",0.987740999999992
"ComedyDramaFantasyMystery",0.821074333333325
"DramaFantasyHorrorRomance",0.821074333333325
"ActionCrimeDramaIMAX",0.808430655172406
"Film-NoirRomanceThriller",0.794930542483652
"DramaFilm-NoirRomance",0.780423926829261
"AnimationChildrenComedyCrime",0.76495618987341
"Film-NoirMystery",0.762585720496886
"AdventureComedyDramaFantasyMysterySci-Fi",0.737740999999992
"CrimeFilm-NoirThriller",0.711517223776216
"CrimeFilm-NoirMystery",0.691688368421044
"AdventureDramaFilm-NoirSci-FiThriller",0.691489488512689
"CrimeMysteryThriller",0.687534672627227
"AdventureAnimationChildrenComedyRomanceSci-Fi",0.683686945945938
"AdventureAnimationChildrenComedySci-Fi",0.67492048717948
"DramaFantasyMusicalRomance",0.669559181818174
"CrimeThrillerWar",0.665221916030526
"ActionAdventureComedyFantasyRomance",0.659151090556267
"CrimeDramaWar",0.654407666666659
"DocumentaryMystery",0.654407666666659
"AnimationDramaWar",0.636994731343276
"AdventureMusicalRomance",0.630598142857135
"AdventureComedyRomanceWar",0.629250433962257
"ActionAdventureCrimeDramaMysteryThriller",0.625240999999992
"Film-NoirMysteryThriller",0.610756873015865
"ActionAdventureAnimationMysteryRomance",0.575976294117639
"ActionDramaMysteryRomanceThriller",0.574160753086412
"CrimeHorrorThriller",0.574036723853677
"ActionCrimeDramaFilm-NoirMystery",0.572356384615377
"AdventureAnimationDramaFantasySci-Fi",0.571074333333325
"ComedyCrimeDramaThriller",0.565910014084499
"AdventureDocumentary",0.562740999999992
"ComedyCrimeMysteryRomanceThriller",0.562507355140179
"CrimeFilm-NoirMysteryThriller",0.561259379594891
"CrimeDramaFilm-NoirThriller",0.560854207547162
"DocumentaryDramaMusical",0.559169571428563
"DramaMusicalRomanceWar",0.559169571428563
"AdventureDramaWar",0.558421628272244
"ComedyDramaRomanceSci-Fi",0.554642408450696
"AdventureAnimationFantasyRomanceSci-Fi",0.547740999999992
"MusicalWar",0.537740999999992
"ComedyDramaRomanceWar",0.532085473007704
"AdventureAnimationComedyFantasyRomance",0.527740999999992
"CrimeDramaFantasy",0.524889594377503
"ComedyCrimeDrama",0.524193004860261
"ActionDramaThrillerWestern",0.511779461538454
"AdventureMysteryThriller",0.511696773955767
"CrimeDramaSci-FiThriller",0.493584071786303
"ActionAdventureDramaRomanceThrillerWestern",0.487740999999992
"ActionAnimationChildrenComedyMusical",0.487740999999992
"ActionCrimeDramaFilm-NoirThriller",0.487740999999992
"ActionCrimeDramaMystery",0.487740999999992
"AdventureAnimation",0.487740999999992
"AdventureComedyFantasyMusical",0.487740999999992
"AdventureDramaFantasy",0.487740999999992
"AdventureHorrorMysteryThriller",0.487740999999992
"AnimationDocumentary",0.487740999999992
"AnimationFantasySci-FiWar",0.487740999999992
"AnimationMysterySci-Fi",0.487740999999992
"ChildrenWestern",0.487740999999992
"ComedyCrimeDramaHorrorMystery",0.487740999999992
"ComedyCrimeDramaMusicalMysteryRomance",0.487740999999992
"CrimeHorrorMysterySci-FiThriller",0.487740999999992
"DocumentaryIMAXMusical",0.487740999999992
"FantasyWestern",0.487740999999992
"Film-NoirHorror",0.487740999999992
"ThrillerWestern",0.487740999999992
"AdventureDramaFantasyMysterySci-Fi",0.485348655502384
"DocumentaryWar",0.480388058823522
"Film-NoirThriller",0.478891442477869
"ActionAdventureSci-FiWestern",0.474809965517234
"CrimeMysteryRomanceThriller",0.46294761157024
"ChildrenDocumentary",0.462740999999992
"DramaWar",0.462269904503346
"DramaMysterySci-FiThriller",0.461304218390797
"AdventureAnimationComedy",0.458730761092142
"ActionAdventureDramaFantasy",0.453753084592138
"CrimeDramaFilm-Noir",0.449886110410087
"AdventureChildrenFantasyMusical",0.448678499999992
"CrimeDramaMysteryThrillerWar",0.442286454545447
"DramaFilm-NoirThriller",0.442286454545447
"ComedyMysteryThriller",0.440538202797195
"ActionDramaWar",0.429574861316429
"CrimeDramaFilm-NoirMysteryThriller",0.429182441441434
"ComedyDramaSci-FiWar",0.425240999999992
"AdventureComedyDramaWestern",0.424181677966094
"CrimeDrama",0.422921378925504
"ActionAdventureCrimeDramaWestern",0.422523608695645
"ChildrenComedyMusicalRomance",0.413666925925918
"ActionCrimeFilm-NoirThriller",0.408318617328512
"ActionDramaThrillerWar",0.404407666666659
"DramaRomanceSci-FiThriller",0.398067086956514
"AdventureCrimeWestern",0.397740999999992
"ComedyCrimeDramaRomance",0.3951484074074
"CrimeDramaHorror",0.391587153846146
"ComedyHorrorRomance",0.391294299492378
"AdventureComedyCrimeRomance",0.389526714285707
"ActionAdventureAnimationChildrenComedy",0.388718995110017
"ActionAdventureAnimationDramaFantasy",0.384918419354831
"DramaMysteryRomanceSci-FiThriller",0.383574333333325
"ComedyCrimeDramaFilm-Noir",0.379982379310337
"ActionCrimeRomance",0.379843335928802
"ActionAdventureComedyCrimeDrama",0.376629888888881
"AnimationDramaSci-FiWar",0.376629888888881
"DramaHorrorRomance",0.376629888888881
"ActionAnimationFilm-NoirSci-FiThriller",0.374837774193541
"DramaFantasyMusical",0.374407666666659
"CrimeDramaFilm-NoirMystery",0.373455285714278
"AdventureWestern",0.372069358208947
"AnimationChildrenComedyFantasy",0.371430839572185
"CrimeHorrorMysteryThriller",0.369007490765164
"ActionAdventureDramaWestern",0.368781892193301
"HorrorMusicalMysteryThriller",0.36551877777777
"DramaMystery",0.36446466243794
"CrimeDramaFantasyRomanceThriller",0.363887788990818
"CrimeDramaFantasyFilm-NoirHorror",0.362740999999992
"DramaFantasyThriller",0.362740999999992
"AdventureAnimationChildrenComedyFantasyRomance",0.35935298288159
"MysteryRomanceThriller",0.358207321243516
"ActionDramaRomanceWestern",0.351377363636356
"DramaThrillerWestern",0.351377363636356
"CrimeDramaRomanceThriller",0.349149199643487
"DramaMysteryWestern",0.348852111111103
"DramaSci-FiWar",0.341907666666659
"ActionCrimeDramaWestern",0.34068217647058
"DramaFilm-NoirMysteryThriller",0.335567086956514
"DocumentaryIMAX",0.334679775510196
"AdventureComedyDramaMusical",0.334307523605142
"ActionAdventureComedyMusical",0.331725962406007
"DramaFantasyRomance",0.327525946236551
"ActionComedyMysteryThriller",0.327026714285707
"AdventureComedyDrama",0.325548606263974
"ComedyCrimeMysteryThriller",0.325218797513314
"DramaWestern",0.324152609498673
"ComedyWar",0.323272739488862
"ActionFantasyHorrorRomance",0.321074333333326
"AdventureComedyWar",0.321074333333326
"AnimationDrama",0.321074333333326
"ComedyDramaMusicalRomance",0.315226380116951
"ActionComedyHorror",0.314592851851843
"ComedyDramaWar",0.313593782764803
"DramaMysteryRomanceWar",0.31332239534883
"ActionComedyFantasyHorror",0.312614096446693
"AdventureDramaMysteryThriller",0.311815074074066
"AdventureAnimationChildrenComedyFantasy",0.30937601238645
"Film-Noir",0.305388058823521
"ChildrenDramaFantasyMystery",0.299279461538454
"ActionDramaHorrorSci-FiThriller",0.298157666666659
"DramaFilm-NoirMystery",0.297264809523802
"Documentary",0.29409424015247
"ActionComedyWestern",0.292441162074547
"AdventureCrimeDramaThrillerWar",0.288816268817197
"ActionAnimationDramaSci-FiThriller",0.287740999999992
"DramaFantasyMysteryRomanceThriller",0.287740999999992
"ChildrenDramaSci-Fi",0.276629888888882
"AdventureDramaWestern",0.274967001511709
"AdventureDramaThriller",0.273181613026812
"DramaFantasy",0.270252210762324
"CrimeDramaThriller",0.267989363819425
"CrimeDramaMysteryThriller",0.267753570710237
"ActionCrimeThrillerWestern",0.267740999999992
"DramaFantasyHorrorThrillerWar",0.261934548387089
"ChildrenComedyCrimeDrama",0.259670824561396
"MusicalRomance",0.258574333333325
"ComedyCrimeThriller",0.257212799462839
"AnimationSci-Fi",0.253870032258057
"ActionCrimeDramaRomanceThrillerWar",0.248424760683753
"AdventureComedyCrime",0.244938696737036
"MysteryThriller",0.241868781765965
"AdventureDrama",0.241539842257589
"AnimationComedyFantasy",0.241364188405789
"ActionRomanceWarWestern",0.239186086705194
"DramaMysteryRomance",0.238040401197597
"ActionAdventureChildrenComedyCrime",0.237740999999992
"AdventureChildrenDramaFantasyWar",0.237740999999992
"AnimationComedyDramaRomanceSci-Fi",0.237740999999992
"ComedyCrimeWestern",0.237740999999992
"DocumentaryFantasy",0.237740999999992
"AdventureAnimationChildrenComedyMusicalRomance",0.237003536873148
"DramaFantasyMystery",0.234576443037967
"AnimationComedyFantasyMusicalRomance",0.234219873239429
"ActionAdventureDramaRomance",0.234143877697834
"AdventureFantasyFilm-NoirSci-FiThriller",0.23006181911262
"DramaMysterySci-Fi",0.228917470588228
"ActionDramaWestern",0.228447319702595
"ActionAnimationDramaSci-Fi",0.227324333333326
"DramaMysteryThriller",0.223310658507093
"ComedyDramaMystery",0.222713677595621
"AdventureAnimationChildrenDramaFantasy",0.222680759036137
"ChildrenComedyFantasyMusical",0.220426810810803
"AdventureDramaRomanceWar",0.218510230769223
"DramaThrillerWar",0.215977607142849
"AnimationChildrenComedyMusical",0.214526714285706
"DramaFilm-NoirMysteryRomance",0.213547451612895
"ActionComedyFantasySci-Fi",0.213466094577545
"AdventureAnimationChildrenFantasy",0.212539387096766
"ActionAdventureDramaMysteryThriller",0.210773069970838
"ComedyDramaMysteryRomance",0.209963222222215
"War",0.202584749999992
"AdventureCrimeDrama",0.202026714285707
"ComedyDramaFilm-Noir",0.202026714285707
"ActionAdventureComedyDramaWar",0.19872365895953
"Drama",0.198641064219724
"ComedyCrimeRomanceThriller",0.196329957055207
"AdventureAnimationChildrenDramaMusical",0.194344773584898
"ActionAdventureDramaWar",0.189907064981942
"ComedyDocumentary",0.188439080279225
"ActionAdventureWestern",0.187740999999992
"AdventureAnimationChildrenDramaSci-Fi",0.187740999999992
"ChildrenFantasyHorrorMystery",0.187740999999992
"DocumentaryDramaWar",0.187740999999992
"ComedyCrimeDramaMusical",0.185897682027642
"CrimeDramaRomance",0.185152003236238
"CrimeMystery",0.184462311475402
"ChildrenComedyDramaFantasy",0.183754289036537
"ChildrenComedyCrimeDramaFantasy",0.183393173913036
"DramaRomanceWar",0.178229173125307
"ChildrenComedyMusical",0.176233063492056
"AdventureChildrenDramaFantasySci-Fi",0.175240999999992
"CrimeDramaFilm-NoirRomanceThriller",0.175240999999992
"AnimationDramaMysterySci-FiThriller",0.171414469387747
"ActionFantasyWar",0.166907666666659
"AdventureComedyDramaRomance",0.166786092838188
"ActionAdventureComedyDramaRomanceThriller",0.162740999999992
"ActionCrimeDramaThriller",0.156101340565772
"ComedyMusical",0.15554726780626
"CrimeDramaMystery",0.155430161554184
"AdventureFantasyMystery",0.154407666666659
"ComedyHorrorMysterySci-Fi",0.154407666666659
"DramaFilm-NoirHorrorMysteryThriller",0.154407666666659
"AnimationChildrenIMAXMusical",0.15295839130434
"ActionAdventure",0.149769608582567
"CrimeDramaWestern",0.149505705882345
"AdventureAnimationChildrenComedyFantasyMusicalRomance",0.149031322580637
"ActionCrimeRomanceThriller",0.148168807486623
"CrimeFilm-Noir",0.147972660231653
"ActionAdventureComedyCrimeHorrorThriller",0.146277585365846
"AdventureDramaFantasyIMAX",0.143654978494616
"AdventureFantasyThriller",0.143296555555548
"AdventureAnimationChildrenDrama",0.140633561983463
"AnimationChildrenFantasyMusicalRomance",0.138313831423889
"ComedyWarWestern",0.137740999999992
"AdventureAnimationChildrenComedyMusical",0.13570359185036
"ComedyDramaFantasyRomance",0.135401818713442
"AnimationChildrenDramaMusical",0.133310620253157
"AnimationDramaFantasy",0.130598142857135
"ActionCrimeDramaSci-Fi",0.129224516483509
"DramaFilm-Noir",0.128459562874244
"DocumentaryDrama",0.124533452830181
"AnimationFantasyThriller",0.124104636363628
"ActionComedyCrimeDramaHorrorThriller",0.122356384615377
"AdventureAnimationChildrenComedy",0.122334993325909
"ActionAdventureFantasy",0.121385623927301
"FantasyHorrorSci-FiThriller",0.119319947368413
"ComedyDramaRomance",0.117911233130503
"AnimationChildrenDramaFantasyMusical",0.11551877777777
"AnimationComedy",0.112740999999992
"AnimationDramaRomance",0.112740999999992
"ComedyCrimeDramaFilm-NoirMusical",0.112740999999992
"ThrillerWar",0.112740999999992
"CrimeDramaFantasyFilm-NoirMysteryRomance",0.108953121212113
"ActionHorrorSci-FiThriller",0.108273168387601
"ComedyDramaMusical",0.102904147792698
"MusicalRomanceWar",0.102026714285707
"DramaRomance",0.093700352394066
"DramaMysteryRomanceThriller",0.0908228278427128
"ActionAdventureAnimationComedyDrama",0.0848283786407689
"ComedyDramaFantasy",0.082271321046365
"AdventureComedyCrimeThriller",0.0814909999999922
"ComedyDrama",0.0786372557180695
"DocumentaryMusical",0.0780187777777699
"AdventureComedySci-Fi",0.0768340882940395
"ActionComedyCrimeHorrorThriller",0.0759762941176394
"AdventureChildrenDramaFantasy",0.0739478965517164
"ChildrenDramaMusical",0.0710743333333257
"ActionHorror",0.0648686595744601
"ActionAnimationFantasySci-Fi",0.0646640769230693
"ActionCrimeDramaHorrorThriller",0.0646640769230693
"ActionCrimeMysterySci-FiThriller",0.0626837917620056
"AnimationChildrenFantasy",0.0595642044198819
"AdventureCrimeDramaThriller",0.0591695714285638
"ActionAdventureComedyFantasyHorror",0.0589484303405494
"HorrorMysterySci-FiThriller",0.0584216282722436
"DramaMusicalWar",0.0559228181818106
"ActionWestern",0.0535772989323768
"AdventureAnimationChildrenComedyDrama",0.0521739896907136
"AnimationChildrenFantasyMusical",0.0516344203371317
"DramaHorrorSci-FiThrillerWar",0.0513773636363557
"AdventureChildrenComedyFantasy",0.0503260340135983
"AdventureComedyCrimeDramaRomance",0.0502409999999922
"ActionAdventureAnimationSci-Fi",0.0500598405797024
"Sci-FiThriller",0.0495920158013479
"ActionAdventureComedyCrimeDramaRomance",0.049345584527213
"AdventureFantasyRomance",0.049335202898543
"ComedyCrimeDramaMysteryThriller",0.0458805348837132
"FantasyMysteryThriller",0.0432965555555476
"ActionAdventureSci-FiThriller",0.0426739257938458
"ActionDramaHorror",0.0426190487804798
"AdventureAnimationChildrenComedyCrimeFantasyMystery",0.0420359756888087
"ActionCrimeFantasyThriller",0.0395008343685221
"FantasyHorrorMysteryRomance",0.0384656376811514
"ComedyDramaRomanceThriller",0.0383362380952303
"ChildrenFantasyMusical",0.0381007122302077
"ComedyCrimeDramaRomanceThriller",0.0380283563218313
"ActionDramaSci-Fi",0.0334329060052139
"ComedyMystery",0.031010230769223
"ComedyCrime",0.0279890544746997
"ActionAdventureComedyDramaFantasyHorrorSci-FiThriller",0.0262025384615305
"AdventureDramaSci-Fi",0.0258765932203313
"DramaSci-Fi",0.0248214059328569
"DramaHorrorMusicalThriller",0.0226247209302248
"HorrorMystery",0.0181331568627368
"ComedyFantasyRomance",0.0170590369662116
"ActionCrimeDrama",0.0165725629741948
"ComedyRomanceWar",0.0155187777777699
"AnimationChildrenComedy",0.0152639357798083
"ActionComedyCrimeRomance",0.014768027027019
"ComedyCrimeMysteryRomance",0.0140567894736763
"AnimationChildrenComedyMusicalRomance",0.0120521831442391
"ActionDramaHorrorThriller",0.00948013043477491
"Musical",0.00734884313724704
"ActionAdventureSci-Fi",0.00536722518737198
"ChildrenDrama",0.00500619337015795
"ActionCrimeHorrorSci-FiThriller",0.00422451648350863
"ComedyMusicalRomance",0.00286326512225754
"ChildrenComedyDrama",0.00150246788990049
"AdventureChildrenFantasySci-Fi",0.000627597938136493
"AdventureComedyCrimeDramaFantasy",-0.000210807228923304
"AnimationComedyMusical",-0.00207381481482338
"ComedyWestern",-0.002259000000008
"Thriller",-0.0042391413022802
"AdventureAnimationComedyFantasyMusical",-0.00479631343284348
"DramaMusicalRomance",-0.00698302597403355
"ActionComedyCrimeDrama",-0.00739518677043582
"AdventureAnimationChildrenMusical",-0.00918207692308437
"DramaSci-FiThriller",-0.00929340094899977
"ActionAdventureAnimationFantasySci-Fi",-0.0122590000000078
"ActionAdventureDramaThrillerWestern",-0.0122590000000078
"ActionComedySci-FiThriller",-0.0122590000000078
"ActionCrimeDramaRomanceWestern",-0.0122590000000078
"ActionDramaFantasySci-FiThrillerWar",-0.0122590000000078
"ActionDramaMusicalWar",-0.0122590000000078
"AdventureCrimeHorrorThriller",-0.0122590000000078
"AdventureDramaHorrorThriller",-0.0122590000000078
"AdventureHorror",-0.0122590000000078
"AdventureWarWestern",-0.0122590000000078
"AnimationComedyFantasySci-Fi",-0.0122590000000078
"AnimationFantasy",-0.0122590000000078
"ChildrenFantasyMusicalRomance",-0.0122590000000078
"ChildrenHorror",-0.0122590000000078
"ComedyDramaHorrorSci-FiThriller",-0.0122590000000078
"CrimeHorrorMystery",-0.0122590000000078
"DramaFantasyHorror",-0.0122590000000078
"DramaFantasySci-Fi",-0.0122590000000078
"FantasyMysteryWestern",-0.0122590000000078
"ActionCrimeDramaMysteryThriller",-0.0131798103130829
"AdventureSci-Fi",-0.0149381694574759
"DramaRomanceWarWestern",-0.0211698910891172
"Western",-0.0306239289099599
"DramaFantasyHorrorThriller",-0.0322590000000083
"DramaHorrorSci-Fi",-0.0366842873563296
"ActionComedyDrama",-0.0383176319218319
"DramaRomanceThriller",-0.0403427004405361
"ComedyCrimeDramaWar",-0.04167076470589
"DramaRomanceThrillerWar",-0.04167076470589
"AnimationChildrenDrama",-0.0468610761245754
"ActionCrimeMysteryRomanceThriller",-0.0471427209302404
"ComedyCrimeMusicalMystery",-0.0479732857142934
"ActionAdventureDrama",-0.0497736541617892
"ActionAnimationChildrenComedy",-0.0530753265306201
"ActionAnimationChildrenFantasy",-0.0539256666666743
"DramaWarWestern",-0.0539256666666743
"ActionComedyCrimeDramaThriller",-0.0539256666666748
"ActionAdventureDramaSci-FiThriller",-0.0571569591836814
"ActionAdventureMysteryThriller",-0.0578590000000077
"ActionAdventureCrimeDrama",-0.058259000000008
"ActionCrimeThriller",-0.0597406369359992
"ComedyDramaThriller",-0.0611720434782685
"ActionAdventureComedyRomanceThriller",-0.0651436153846232
"AdventureWar",-0.0663130540540617
"ComedyCrimeMystery",-0.0675687345132823
"ActionDramaRomanceWar",-0.0688972460414208
"AdventureChildrenRomance",-0.0698506230366571
"ComedyDramaFantasyRomanceThriller",-0.0705549641255683
"ActionRomance",-0.0714462791519512
"RomanceWar",-0.073483489795926
"ActionAdventureThriller",-0.0751612465088147
"ComedyRomance",-0.0766003892837968
"DramaThriller",-0.0771859571731879
"DramaFantasyHorrorMysteryThriller",-0.0803218272251391
"ComedyDocumentaryMusical",-0.0804408181818261
"ActionMystery",-0.0817034444444524
"ActionFantasySci-FiThriller",-0.0836875714285794
"ComedyCrimeDramaMysteryRomance",-0.0836875714285794
"AdventureComedy",-0.0846941747463443
"AdventureChildrenFantasy",-0.0873941351351433
"DramaMusical",-0.0877437645429437
"DramaRomanceWestern",-0.0891820769230849
"ActionAdventureWarWestern",-0.0955923333333413
"AdventureCrimeSci-FiThriller",-0.0976248536585445
"ComedyMusicalRomanceWestern",-0.100494294117655
"DramaHorrorMysteryThriller",-0.102259000000008
"ActionAdventureDramaFantasyThriller",-0.106995842105271
"RomanceWestern",-0.107497095238103
"ActionAdventureComedyFantasy",-0.10960413274337
"ComedyFantasyHorror",-0.11089845578232
"AdventureAnimationDrama",-0.112259000000008
"CrimeDocumentaryDrama",-0.112259000000008
"AnimationFantasyHorror",-0.114531727272735
"AdventureChildrenComedyDrama",-0.116219396039612
"AdventureComedyThriller",-0.117522157894745
"AdventureCrimeThriller",-0.118319606060614
"FantasyHorrorMystery",-0.118509000000008
"AnimationChildrenMusical",-0.12005437149818
"ActionAdventureComedyDramaRomance",-0.123370111111119
"ActionAdventureComedyWestern",-0.124023705882361
"ActionFantasySci-Fi",-0.125162225806459
"DramaFantasyMysterySci-Fi",-0.127442246073306
"ActionSci-FiThriller",-0.130552838862568
"ActionCrimeDramaMysterySci-FiThriller",-0.131824217391312
"AdventureAnimationChildrenCrimeDramaFantasy",-0.132259000000008
"ActionDramaRomance",-0.132451307692316
"HorrorRomance",-0.132948655172421
"ActionAdventureChildrenFantasy",-0.133687571428579
"ActionCrimeSci-FiThriller",-0.13670508567209
"DramaHorrorSci-FiThriller",-0.136713148471623
"ActionSci-FiWestern",-0.137259000000008
"DramaFantasyRomanceThriller",-0.137259000000008
"DramaHorrorMusical",-0.137259000000008
"ComedyFantasyRomanceSci-Fi",-0.13893253244079
"AdventureComedyFantasy",-0.140526182962254
"AdventureHorrorSci-Fi",-0.141888629629638
"ActionDramaWarWestern",-0.142693782608704
"CrimeDramaHorrorMysteryThriller",-0.148753252873571
"ActionAdventureComedyRomance",-0.149842892617457
"ActionAdventureRomance",-0.150629118845508
"DramaHorrorThriller",-0.153093575260813
"FantasyHorrorRomanceThriller",-0.153522940520454
"ActionAdventureComedySci-Fi",-0.158550208791217
"AdventureChildrenSci-Fi",-0.159545821705434
"ComedyCrimeDramaHorrorMysteryThriller",-0.164531727272735
"DramaFantasyWar",-0.170153736842113
"ComedyHorrorMusicalSci-Fi",-0.171741758620697
"MysterySci-FiThriller",-0.173549322580653
"ComedyHorrorMusical",-0.176159414937767
"ActionAdventureAnimationHorrorSci-Fi",-0.17643810447762
"ActionFantasyMysteryThriller",-0.176642561643843
"ActionCrime",-0.177259000000008
"AdventureDramaWarWestern",-0.178925666666674
"CrimeThriller",-0.180446001140259
"DramaHorror",-0.1810239880096
"ActionRomanceThriller",-0.182393373645434
"ActionMysterySci-FiThriller",-0.187259000000008
"MysterySci-Fi",-0.190036777777785
"ActionAdventureHorror",-0.191247326848257
"AnimationComedyThriller",-0.194077181818189
"CrimeRomanceThriller",-0.194077181818189
"HorrorMusicalThriller",-0.199759000000008
"Mystery",-0.199759000000008
"ActionAdventureSci-FiWar",-0.200909306748474
"ChildrenComedyCrimeMusical",-0.2045666923077
"ActionMysteryThriller",-0.206582144104811
"AdventureAnimationChildrenComedyDramaFantasyMystery",-0.207911173913051
"AdventureRomanceWarWestern",-0.212259000000008
"ActionAdventureMystery",-0.215747372093031
"AdventureDramaSci-FiThriller",-0.220592333333341
"ActionDramaFantasyRomance",-0.222785315789482
"ComedyCrimeRomance",-0.225302478260877
"AdventureComedyMusicalRomance",-0.226544714285722
"AnimationComedySci-Fi",-0.228925666666675
"ActionDramaSci-FiThriller",-0.22924013207548
"ComedyFantasySci-Fi",-0.229500379310353
"AnimationComedyFantasyMusical",-0.23448122222223
"AnimationMusical",-0.23508508695653
"Crime",-0.236857930481291
"ActionSci-FiThrillerWestern",-0.237449839694664
"ActionThriller",-0.239735635514027
"ActionDrama",-0.246890628343509
"ComedyMysteryRomance",-0.249101105263166
"ComedyRomanceThriller",-0.256672407821237
"ActionDramaThriller",-0.256844206375161
"ActionComedyRomance",-0.258543501061579
"AdventureDramaRomanceSci-Fi",-0.260140355932211
"ActionComedyDramaFantasy",-0.262259000000008
"AdventureComedyDocumentary",-0.262259000000008
"AdventureDramaRomanceSci-FiThriller",-0.262259000000008
"AnimationComedyWar",-0.262259000000008
"CrimeDramaMusical",-0.262259000000008
"CrimeDramaMysteryRomance",-0.262259000000008
"CrimeMusical",-0.262259000000008
"MysteryWestern",-0.262259000000008
"ChildrenMusical",-0.26473424752476
"AdventureAnimationFantasySci-Fi",-0.265235190476198
"AdventureThriller",-0.269015756756764
"Comedy",-0.270525206367482
"ActionComedySci-Fi",-0.272508554367209
"Romance",-0.275533336283194
"CrimeDramaSci-Fi",-0.276147888888897
"ChildrenComedyFantasySci-Fi",-0.278925666666674
"ActionAdventureAnimationSci-FiThriller",-0.281349909090917
"ActionAdventureAnimationDramaFantasySci-Fi",-0.281489769230777
"RomanceSci-Fi",-0.282259000000008
"ActionSci-Fi",-0.282674472779378
"ComedyMusicalWestern",-0.283092333333341
"AdventureChildrenDramaRomance",-0.284986272727281
"AdventureDramaSci-FiWar",-0.284986272727281
"AdventureComedyRomance",-0.286695090225572
"AdventureFantasy",-0.289810020408171
"FantasySci-FiThriller",-0.290560886792461
"ComedyCrimeDramaMystery",-0.291244507246385
"AdventureAnimationChildrenFantasyIMAX",-0.292259000000008
"AnimationMysteryThriller",-0.293509000000008
"ComedyFantasy",-0.293760340482581
"ActionComedyCrime",-0.298786514231507
"ActionAdventureRomanceThriller",-0.300403329896915
"ActionComedyCrimeThriller",-0.301047221970562
"ActionAdventureFantasySci-Fi",-0.302050437980249
"ActionMysterySci-Fi",-0.30415844134079
"FantasySci-Fi",-0.308555296296304
"ActionDramaRomanceSci-Fi",-0.308741412060309
"ActionAdventureDramaRomanceWar",-0.312259000000008
"AdventureComedyWestern",-0.313172242009141
"ActionAdventureComedy",-0.315601963268682
"ActionDramaMystery",-0.316259000000008
"AnimationChildren",-0.317156314375995
"ActionSci-FiWar",-0.321202089430903
"ComedyDramaHorror",-0.321782809523817
"AdventureChildrenMusical",-0.324759000000008
"ActionComedyCrimeFantasy",-0.324825560170402
"ChildrenFantasy",-0.332771820512828
"ComedyHorrorThriller",-0.334575986496099
"FantasyHorrorMysteryThriller",-0.343427831168839
"AdventureAnimationChildrenSci-Fi",-0.345592333333341
"ActionAdventureComedyDrama",-0.345592333333341
"ActionCrimeDramaMusical",-0.345592333333341
"AdventureChildrenFantasyWestern",-0.345592333333341
"ChildrenFantasySci-Fi",-0.345592333333341
"DramaFantasyHorrorSci-FiThriller",-0.345592333333341
"DramaHorrorWar",-0.345592333333341
"ActionComedyHorrorThriller",-0.346442673469396
"RomanceThriller",-0.353168090909099
"FantasyHorror",-0.356189635838158
"ActionFantasyHorror",-0.364371676056346
"ActionAdventureAnimationFantasy",-0.365200176470596
"ActionHorrorThriller",-0.365433603174611
"DramaHorrorRomanceThriller",-0.367097709677427
"ActionComedyDramaThriller",-0.369401857142865
"ActionAdventureDramaSci-Fi",-0.369525435986167
"AdventureFantasySci-Fi",-0.375162225806459
"ComedySci-FiWestern",-0.380440818181826
"ActionAdventureFantasyHorrorThriller",-0.382773820592832
"ActionAdventureComedyCrime",-0.383410271753689
"AnimationChildrenComedyRomance",-0.38448122222223
"ActionThrillerWar",-0.385066017543867
"AdventureChildrenComedyMusical",-0.385788411764714
"DramaFantasyHorrorSci-Fi",-0.387259000000008
"ActionComedyRomanceWar",-0.388971328767131
"AdventureMusical",-0.393211380952389
"CrimeDramaMysteryRomanceThriller",-0.396556520661165
"HorrorThriller",-0.397520414714936
"ActionAdventureRomanceSci-FiThriller",-0.421741758620697
"DramaFantasyMysteryRomance",-0.423150089108919
"HorrorSci-FiThriller",-0.427700176470596
"ComedySci-Fi",-0.429419933175176
"ActionComedyRomanceThriller",-0.43394574698796
"AdventureAnimationChildren",-0.438729588235302
"ComedyCrimeHorror",-0.439584581395356
"AdventureDramaRomance",-0.439815818181826
"AdventureComedyHorror",-0.440830428571436
"ActionComedyWar",-0.451618267734561
"AnimationChildrenWestern",-0.453435470588243
"HorrorWestern",-0.453435470588243
"ActionAdventureHorrorThriller",-0.460457198198206
"ActionAdventureComedyThriller",-0.463239392156871
"ComedyHorrorSci-Fi",-0.463774151515159
"ActionAdventureCrimeSci-FiThriller",-0.466804454545462
"ActionAdventureDramaThriller",-0.478360694915262
"ActionAdventureCrimeThriller",-0.483320093247596
"HorrorMysteryThriller",-0.500720538461546
"DramaRomanceSci-Fi",-0.501676989417998
"ActionAdventureAnimationChildrenComedyFantasy",-0.512259000000008
"ActionAdventureAnimationChildrenComedyIMAX",-0.512259000000008
"ActionAdventureComedyDramaThriller",-0.512259000000008
"ActionAdventureDocumentary",-0.512259000000008
"ActionAdventureDramaWarWestern",-0.512259000000008
"ActionAdventureFantasyWar",-0.512259000000008
"ActionCrimeDramaRomanceThriller",-0.512259000000008
"AdventureDramaThrillerWar",-0.512259000000008
"AdventureIMAXRomance",-0.512259000000008
"ComedyDramaMysteryThriller",-0.512259000000008
"CrimeDocumentaryWar",-0.512259000000008
"CrimeDramaHorrorThriller",-0.512259000000008
"CrimeHorrorMysterySci-Fi",-0.512259000000008
"DocumentaryDramaRomanceWar",-0.512259000000008
"DramaFantasyMysteryThriller",-0.512259000000008
"Fantasy",-0.512259000000008
"FantasyRomance",-0.512259000000008
"WarWestern",-0.512259000000008
"ChildrenComedyRomance",-0.516324040650414
"ComedyDramaFantasyHorrorThriller",-0.518561521008411
"AdventureChildren",-0.52025189520427
"ActionRomanceSci-FiThriller",-0.520578467554084
"ActionCrimeFantasyMysteryRomanceThriller",-0.522287653295137
"Adventure",-0.528787925619842
"AdventureAnimationComedyCrime",-0.52913663713081
"ActionComedy",-0.52980285964913
"ChildrenComedyMystery",-0.533385760563388
"ComedyCrimeMusical",-0.535090050228318
"Animation",-0.540036777777785
"ActionCrimeMysteryThriller",-0.545010091703065
"Action",-0.545869271903332
"ChildrenComedy",-0.548209532067883
"MusicalRomanceWestern",-0.550720538461546
"ChildrenComedyWestern",-0.555737260869573
"ActionAdventureFantasySci-FiThriller",-0.564342333333341
"AdventureDramaFantasyRomance",-0.564432913043486
"AdventureChildrenComedyFantasyMusical",-0.573662508771938
"ChildrenComedyRomanceSci-Fi",-0.574759000000008
"ChildrenSci-Fi",-0.581224517241387
"ActionAdventureHorrorSci-FiThriller",-0.58316364547678
"ActionComedyThriller",-0.591969144927544
"ComedyDramaMusicalMystery",-0.595592333333341
"ComedyThriller",-0.605672978494631
"Horror",-0.608151203035067
"ActionAdventureAnimationChildrenSci-Fi",-0.612259000000008
"HorrorSci-Fi",-0.615756706422026
"ComedyMusicalSci-Fi",-0.617522157894745
"ChildrenComedyFantasy",-0.618375774791482
"ActionComedyFantasyHorrorSci-Fi",-0.621169891089117
"ActionDramaRomanceThriller",-0.623370111111119
"ActionFantasyHorrorMysterySci-FiThriller",-0.623370111111119
"Sci-Fi",-0.632324789473692
"ActionAdventureChildrenCrimeMysteryThriller",-0.637259000000008
"FantasyMusicalRomance",-0.637259000000008
"ActionCrimeHorror",-0.643211380952389
"AdventureRomance",-0.643326961165056
"ActionHorrorSci-Fi",-0.646474500945187
"AnimationChildrenMusicalRomance",-0.647504901639352
"ComedySci-FiThriller",-0.651147888888897
"AdventureAnimationChildrenComedyFantasySci-Fi",-0.659416190635459
"AdventureChildrenComedy",-0.666368589041104
"ActionAdventureComedyFantasyMystery",-0.671599659340667
"ComedyFantasyHorrorThriller",-0.673128565217399
"ActionCrimeHorrorMysteryThriller",-0.678925666666674
"ActionFantasy",-0.678925666666674
"AdventureDramaHorrorMysteryThriller",-0.678925666666674
"ChildrenMystery",-0.678925666666674
"ComedyDramaSci-Fi",-0.678925666666674
"ActionComedyMusicalSci-Fi",-0.681571169312177
"ActionAdventureAnimationChildrenComedySci-Fi",-0.692259000000008
"ActionAdventureComedyWar",-0.69407718181819
"ComedyHorror",-0.697660459854023
"ActionChildrenComedyFantasySci-Fi",-0.701544714285722
"ComedyHorrorRomanceThriller",-0.705807387096782
"ActionComedyFantasy",-0.707227553459127
"ActionDramaFantasySci-Fi",-0.712259000000008
"ActionFantasyThriller",-0.715962703703712
"ActionAnimationFantasy",-0.720592333333341
"AdventureComedyMusical",-0.722603827586215
"AdventureChildrenDrama",-0.723662508771937
"ActionAdventureCrimeDramaRomanceThriller",-0.726544714285722
"ActionComedyCrimeWestern",-0.73448122222223
"ActionWar",-0.736205784922402
"AnimationChildrenFantasyWar",-0.740414339805833
"ActionCrimeSci-Fi",-0.741555066252596
"ActionAdventureAnimationChildrenFantasy",-0.741988729729738
"ActionHorrorMystery",-0.762259000000008
"AdventureComedyDramaFantasy",-0.762259000000008
"AdventureDramaRomanceThriller",-0.762259000000008
"ActionAdventureFantasyMystery",-0.789531727272735
"ComedyRomanceSci-Fi",-0.796741758620697
"ActionAdventureWar",-0.797553117647066
"AdventureDramaFantasyThriller",-0.797973285714293
"MusicalWestern",-0.817814555555563
"ChildrenDramaFantasy",-0.819951307692315
"FantasyHorrorThriller",-0.822603827586215
"ActionAdventureComedyFantasySci-Fi",-0.82394731168832
"ActionAdventureChildrenComedy",-0.824759000000008
"ActionAdventureComedyCrimeRomanceThriller",-0.845592333333341
"ActionAdventureFantasyHorror",-0.845592333333341
"ComedyDocumentaryRomance",-0.845592333333341
"ComedyDramaFantasyMusicalRomance",-0.845592333333341
"CrimeHorrorSci-FiThriller",-0.845592333333341
"AdventureChildrenComedyFantasySci-Fi",-0.857979720720729
"ComedyFantasyMusical",-0.871908122807026
"ChildrenComedyFantasyRomance",-0.891569344827594
"AdventureAnimationChildrenComedyFantasyWar",-0.901147888888897
"ActionAdventureMysterySci-Fi",-0.924215521739138
"HorrorMysterySci-Fi",-0.928925666666674
"ActionFantasyHorrorThriller",-0.959228696969705
"ComedyDocumentaryDrama",-0.981009000000008
"AdventureChildrenComedyFantasyRomance",-0.990036777777786
"ActionAdventureComedyCrimeSci-Fi",-1.01225900000001
"ActionComedyThrillerWestern",-1.01225900000001
"ActionCrimeDramaRomance",-1.01225900000001
"ActionDramaMusicalRomance",-1.01225900000001
"AnimationChildrenComedyMusicalWestern",-1.01225900000001
"ChildrenComedyDramaMusicalRomance",-1.01225900000001
"ComedyFantasyMysterySci-Fi",-1.01225900000001
"ComedyHorrorMystery",-1.01225900000001
"CrimeHorrorSci-Fi",-1.01225900000001
"DramaMysteryWar",-1.01225900000001
"FantasyMusical",-1.01225900000001
"AdventureAnimationChildrenComedyFantasyMusical",-1.04350900000001
"AdventureSci-FiThriller",-1.04797328571429
"ActionCrimeFantasy",-1.04929603703704
"ActionComedyHorrorSci-Fi",-1.04975900000001
"Children",-1.05771354545455
"AnimationCrimeMystery",-1.07892566666667
"CrimeHorror",-1.09559233333334
"DramaHorrorMystery",-1.11225900000001
"ActionComedyMusical",-1.12069273493977
"ActionDramaFantasy",-1.13725900000001
"AdventureDocumentaryIMAX",-1.13725900000001
"ComedyCrimeFantasy",-1.13725900000001
"CrimeMysterySci-FiThriller",-1.13725900000001
"ActionAdventureComedyCrimeThriller",-1.1426937826087
"ActionAnimationSci-Fi",-1.17892566666667
"ActionChildrenFantasy",-1.18725900000001
"AdventureComedyCrimeMystery",-1.2045666923077
"ChildrenComedySci-Fi",-1.24101716993465
"ActionComedyDramaRomance",-1.26225900000001
"ActionCrimeThrillerWar",-1.26225900000001
"ChildrenComedyFantasyHorror",-1.28148976923078
"CrimeSci-FiThriller",-1.28725900000001
"ActionAdventureDramaThrillerWar",-1.31225900000001
"ActionAdventureFantasyThriller",-1.33064465022422
"ActionAdventureComedyFantasySci-FiWestern",-1.36257747133759
"ActionChildren",-1.4031680909091
"ComedyHorrorMysteryThriller",-1.41225900000001
"ActionAdventureChildren",-1.50245507843138
"ActionAdventureChildrenComedyFantasySci-Fi",-1.50913400000001
"ActionAdventureChildrenComedyMystery",-1.51225900000001
"ActionRomanceWestern",-1.51225900000001
"AdventureComedyDramaWar",-1.51225900000001
"AdventureHorrorThriller",-1.51225900000001
"CrimeDramaHorrorMystery",-1.51225900000001
"AdventureAnimationChildrenFantasySci-Fi",-1.55279954054055
"ActionChildrenComedy",-1.70343547058824
"ActionAdventureDramaFantasySci-Fi",-1.88725900000001
"DocumentaryHorror",-2.09559233333334
"ActionHorrorMysteryThriller",-2.10600900000001
"AdventureDramaHorrorSci-FiThriller",-2.4011478888889
"ComedyDramaWestern",-2.51225900000001
"ComedyFilm-NoirThriller",-2.51225900000001
